sentence,label
في البنك أو المحفظة الإلكترونية.,في البنك أو المحفظة الإلكترونية.
قرأت فى الثانية عشر كتابا عن شوبنهاور و آخر عن أديناور أول مستشار لجمهورية ألمانيا الاتحادية,قرأت في الثانية عشر كتابا عن شوبنهاور وآخر عن أديناور، أول مستشار لجمهورية ألمانيا الاتحادية.
في الكتب أو المواقع الرسمية.,في الكتب أو المواقع الرسمية.
بمشاهدة التلفزيون أو قراءة كتاب.,بمشاهدة التلفزيون أو قراءة كتاب.
نهاية,نهاية
جان جاك روسو,جان جاك روسو
صوديوم,صوديوم
الشمس,الشمس
النظام الاجتماعي,النظام الاجتماعي
بالتقليل من استخدام البلاستيك.,بالتقليل من استخدام البلاستيك.
بممارسة الرياضة بانتظام.,بممارسة الرياضة بانتظام.
الملابس الدافئة والكنزات والجوارب.,الملابس الدافئة والكنزات والجوارب.
بعد اتمام استبيان عن الرؤية و آخر عن الترقي والثواب والعقاب في وسائل الإعلام,بعد اتمام استبيان عن الرؤية و آخر عن الترقي والثواب والعقاب في وسائل الإعلام
آسيا,آسيا
باستخدام كلمات مرور قوية.,باستخدام كلمات مرور قوية.
لا يُعتَبَر فوضى بالنسبة للجميع عداك.,لا يُعتَبَر فوضى بالنسبة للجميع عداك.
بالغراء أو البراغي.,بالغراء أو البراغي.
أنا على يقين أنه سيحدث ذلك في يومٍ من الأيام ولكن متى ؟,أنا على يقين أنه سيحدث ذلك في يومٍ من الأيام ولكن متى ___ ؟
في اليوم الثاني والعشرين من مارس.,في اليوم الثاني والعشرين من مارس.
غدًا,غدًا
روبرت شومان وجان مونيه,روبرت شومان وجان مونيه
برمي القمامة في الحاويات.,برمي القمامة في الحاويات.
في مناسباتهم.,في مناسباتهم.
باللياقة والصحة.,باللياقة والصحة.
هناك جلسة مهمة عن استراتيجيات التواصل مع الإدارة الاميركية و أخرى عن العمل مع المشترعين الأمريكيين,هناك جلسة مهمة عن استراتيجيات التواصل مع الإدارة الاميركية و ___ عن العمل مع المشترعين الأمريكيين
نحن في حاجة إلى الطب والهندسة,نحن في حاجة إلى الطب والهندسة
يجب أن تبدأ بتسديده عندما تبدأ بالعمل ولكن قبلها فلا,يجب أن تبدأ بتسديده عندما تبدأ بالعمل ولكن قبلها ___ فلا.
ولو,ولو
بيتر الأول,بيتر الأول
تناول هذا المقال قيمة القمامة المنزلية وبعض الأفكار لإعادة تدويرها وكذلك أهمية تدوير القمامة للإنسان والبيئة,تناول هذا المقال قيمة القمامة المنزلية وبعض الأفكار لإعادة تدويرها وكذلك أهمية تدوير القمامة للإنسان والبيئة
الهيليوم,الهيليوم
فدراسة تتحدث عن الفوائد وأخرى عن المضار,فدراسة تتحدث عن الفوائد وأخرى ___ عن المضار
أصفر,أصفر
ولدينا قناعة بأن الكل سيعترف بفلسطين، ولكن متى ؟,ولدينا قناعة بأن الكل سيعترف بفلسطين، ولكن متى ___ ؟
فرح,فرح
هم يحبون كرة القدم و كرة السلة,هم يحبون كرة القدم و كرة السلة
بتنظيم وقتنا.,بتنظيم وقتنا.
كلنا نشعر بالجوع و العطش,كلنا نشعر بالجوع و ___ بالعطش
باختيار وظيفة مناسبة.,باختيار وظيفة مناسبة.
أعزب,أعزب
في نهاية كل عام.,في نهاية كل عام.
في دور السينما.,في دور السينما.
سبق أن نشرنا إعلانا عن سيارة فورد تاونس موديل 1962 و آخر عن سيارة فورد جالاكسي.,سبق أن نشرنا إعلانا عن سيارة فورد تاونس موديل 1962 و___ عن سيارة فورد جالاكسي.
بالتخييم ورحلات الهواء الطلق.,بالتخييم ورحلات الهواء الطلق.
فكيف حدث ذلك وأيعقل أن يقتل الابن أباه ويفر ولكن لماذا ؟,فكيف حدث ذلك وأيعقل أن يقتل الابن أباه ويفر ولكن لماذا ؟
النيل,النيل
من الممكن أن تستثمر سارة أموالها في البنك، أو في العقارات,من الممكن أن تستثمر سارة أموالها في البنك، أو ___ في العقارات
ورفع الحصار الظالم عن غزة، ومشروع قرار حول الاستيطان و آخر عن الحل السياسي من كافة جوانبه,ورفع الحصار الظالم عن غزة، ومشروع قرار حول الاستيطان وآخر عن الحل السياسي من كافة جوانبه
لويس كارول,لويس كارول
بالدراسة والامتحانات.,بالدراسة والامتحانات.
فيما يرجع إلى مخاوف من ازدحام مراكز الاقتراع خلال جائحة كورونا وكذلك إلى الحماس الشديد,فيما يرجع إلى مخاوف من ازدحام مراكز الاقتراع خلال جائحة كورونا وكذلك إلى الحماس الشديد
جيمس وات,جيمس وات
تحدثنا بإيجاز عن توجيه دعوات إلى عمان والسودان والمغرب والسلطة الفلسطينية ربما، وكذلك إلى المملكة العربية السعودية والأردن,تحدثنا بإيجاز عن توجيه دعوات إلى عمان والسودان والمغرب والسلطة الفلسطينية ربما، وكذلك ___ المملكة العربية السعودية والأردن
في مدارس الموسيقى.,في مدارس الموسيقى.
قيصر تشين,قيصر تشين
بعدم مشاركة المعلومات الشخصية.,بعدم مشاركة المعلومات الشخصية.
أنا متأكدة وواثقة بأن ريو سيفوز عليه ولكن كيف ؟,أنا متأكدة وواثقة بأن ريو سيفوز عليه ولكن كيف ___ ؟
بالاهتمام والاحترام.,بالاهتمام والاحترام.
الرحيل,الرحيل
عمال الضفائر يتظاهرون تضامنا مع إضراب المحلة,عمال الضفائر يتظاهرون تضامنا مع إضراب المحلة
الذوبان,الذوبان
بزيادة الاستثمارات.,بزيادة الاستثمارات.
نيوتون,نيوتون
نعم السودان يمكنه أن يحقق طفرات ولكن كيف ؟,نعم السودان يمكنه أن يحقق طفرات ولكن كيف ___ ؟
بمشاركة السيارات أو استخدام وسائل النقل العامة.,بمشاركة السيارات أو استخدام وسائل النقل العامة.
شاهدنا الفيلم الجديد والمسلسل القديم,شاهدنا الفيلم الجديد و___ المسلسل القديم
باختيار الوجهة المفضلة لدينا.,باختيار الوجهة المفضلة لدينا.
عندما أطلب منه أن نذهب للتسوق يكون رده بأنني أستطيع أن أتسوق بمفردي! نعم بالطبع أستطيع ولكن لماذا ؟,عندما أطلب منه أن نذهب للتسوق يكون رده بأنني أستطيع أن أتسوق بمفردي! نعم بالطبع أستطيع ولكن ___ ؟
فريدريك الثاني,فريدريك الثاني
بالسقاية والتسميد.,بالسقاية والتسميد.
كانبرا,كانبرا
الحوت الأزرق,الحوت الأزرق
المصابيح أو الشموع.,المصابيح أو الشموع.
في الحدائق والملاعب.,في الحدائق والملاعب.
احترام القواعد,احترام القواعد
وهؤلاء يؤمنون بالقرآن فقط ولكن السنة فلا,وهؤلاء يؤمنون بالقرآن فقط ولكن ___ السنة فلا.
بتخصيص الوقت للأسرة والاسترخاء.,بتخصيص الوقت للأسرة والاسترخاء.
في الطبيعة.,في الطبيعة.
في الكتب والمقالات البحثية.,في الكتب والمقالات البحثية.
في السماء الليلية المظلمة.,في السماء الليلية المظلمة.
الين,الين
أبراهام لينكولن,أبراهام لينكولن
بسقيها بانتظام.,بسقيها بانتظام.
في الأوقات الوطنية.,في الأوقات الوطنية.
قرأت كتابا عن السعادة وآخر عن السينما,قرأت كتابا عن السعادة وآخر عن السينما
نشاطات اجتماعية,نشاطات اجتماعية
بمنحها العناية والحب.,بمنحها العناية والحب.
النيتروجين,النيتروجين
هي طلبت فراخ وأنا لحم,هي طلبت فراخ وأنا ___ لحم
علي لا يقدر أن يأتي إلى الحفلة، ولكن عمر يقدر,علي لا يقدر أن يأتي إلى الحفلة، ولكن عمر ___
يوسف ستالين,يوسف ستالين
متابعة يومية لأحدث الانباء والتقارير والاحداث وكذلك أخبار مصر في الصحف المصرية,متابعة يومية لأحدث الانباء والتقارير والاحداث وكذلك أخبار مصر في الصحف المصرية
لويس الخامس عشر,لويس الخامس عشر
في الأسواق والمحلات التجارية.,في الأسواق والمحلات التجارية.
على الرفوف.,على الرفوف.
بعد أن أصبح غنياً وسوف أعمل للاسلام بعد أن أتفرغ من المشاكل. ولكن متى ؟,بعد أن أصبح غنياً وسوف أعمل للاسلام بعد أن أتفرغ من المشاكل. ولكن متى ؟
ماركو بولو,ماركو بولو
علاقة,علاقة
وفي مجال إدارة الطاقة مقال عن نظم الإنارة العالية الكفاءة، و آخر عن مصادر الطاقة الحيوية في لبنان,وفي مجال إدارة الطاقة مقال عن نظم الإنارة العالية الكفاءة، و___ آخر عن مصادر الطاقة الحيوية في لبنان
من المواقع الموثوقة.,من المواقع الموثوقة.
ويتم عزل الأسرى فيها تماماً عن العالم الخارجي، وكذلك عن عالم السجن الداخلي.,ويتم عزل الأسرى فيها تماماً عن العالم الخارجي، وكذلك ___ عن عالم السجن الداخلي.
فبادرني بالقول: سنصبح عائلة واحدة، فأجبته:;كيف ؟,فبادرني بالقول: سنصبح عائلة واحدة، فأجبته: كيف ___؟
السيليكون,السيليكون
للتنقل داخل المدينة.,للتنقل داخل المدينة.
شكسبير,شكسبير
بريد إلكتروني وكيبورد.,بريد إلكتروني وكيبورد.
الفوسفور,الفوسفور
دورة في فك أجزاء المحرك وإعادة التركيب والتشغيل، و أخرى عن كشف الأعطال الشائعة في السيارة,دورة في فك أجزاء المحرك وإعادة التركيب والتشغيل، و___ أخرى عن كشف الأعطال الشائعة في السيارة
وقد أصدرت أعداداً ممتازة عن مشكلات التعليم الديني، و أخرى عن الفتوى وصناعة المفتي,وقد أصدرت أعداداً ممتازة عن مشكلات التعليم الديني، و___ عن الفتوى وصناعة المفتي
ولكن يكفل عالماً أفضل بالدرجة الأولى. ولكن كيف ؟,ولكن يكفل عالماً أفضل بالدرجة الأولى. ولكن كيف ___ ؟
في الفترات المحددة من العمر.,في الفترات المحددة من العمر.
في صناديق تخزين خاصة.,في صناديق تخزين خاصة.
كما سيقام مؤتمر طفل القرية بقصر ثقافة تصفا بمحافظة القليوبية و آخر عن الحرف التقليدية رؤية مستقبلية.,كما سيقام مؤتمر طفل القرية بقصر ثقافة تصفا بمحافظة القليوبية و آخر ___ عن الحرف التقليدية رؤية مستقبلية.
مارتن لوثر كينغ,مارتن لوثر كينغ
في حالات السفر البعيد.,في حالات السفر البعيد.
عمر يمكنه شراء سيارة، وحسن أيضا يستطيع,عمر يمكنه شراء سيارة، وحسن أيضا يستطيع ___
فابن خالي الصغير الذي يجايلني، سيذهب إلى هناك أما انا فلا,فابن خالي الصغير الذي يجايلني، سيذهب إلى هناك أما انا ف___
كنت أحلم أن أزوره حيث كان محذورا على عرب الـ 48 زيارة رام الله أما الآن فممكن,كنت أحلم أن أزوره حيث كان محذورا على عرب الـ 48 زيارة رام الله أما الآن فممكن
أنا سأخذ الأبيض وخالد الأسود,أنا سأخذ الأبيض وخالد ___ الأسود
مؤسسا مدينة روما,مؤسسا مدينة روما
حفلة ولادة,حفلة ولادة
هل يجوز للمراه ممارسة الرياضة بالمراكز المخصصه بالنساء وكذلك ممارسة رياضة كرة السلة وكرة الطائرة,هل يجوز للمراه ممارسة الرياضة بالمراكز المخصصه بالنساء وكذلك ممارسة رياضة كرة السلة وكرة الطائرة
المريخ,المريخ
نبروخذنزر,نبروخذنزر
بالمحافظة على المواطن الطبيعية.,بالمحافظة على المواطن الطبيعية.
يجب أن انتقل إلى شقتي! ولكن كيف ؟,يجب أن انتقل إلى شقتي! ولكن كيف؟
بحضور العروض والمعارض.,بحضور العروض والمعارض.
الليل,الليل
كما تم عرض فيلم وثائقي عن الشهداء المكرمين وأسرهم و آخر عن النشاطات التي تقوم بها صحيفة الاعتدال,كما تم عرض فيلم وثائقي عن الشهداء المكرمين وأسرهم و آخر عن النشاطات التي تقوم بها صحيفة الاعتدال
المحكمة الدستورية ستقضى بعدم دستوريته ولكن متى ؟,المحكمة الدستورية ستقضى بعدم دستوريته ولكن متى ___ ؟
ثقة,ثقة
فبراير,فبراير
الكربون,الكربون
رأيت رجلا عجوز وفتاه في الشارع,رأيت رجلا عجوز وفتاه في الشارع
في صناديق التبرع.,في صناديق التبرع.
الآلة الحاسبة أو التطبيقات.,الآلة الحاسبة أو التطبيقات.
بممارسة الامتنان.,بممارسة الامتنان.
تقديم بلاغات إلكترونياً ضد أي رجل أمن يستخدم سلطته بشكل مسيء، وكذلك ضد المحرضين والمتجاوزين بشبكات التواصل الاجتماعي,تقديم بلاغات إلكترونياً ضد أي رجل أمن يستخدم سلطته بشكل مسيء، وكذلك ___ ضد المحرضين والمتجاوزين بشبكات التواصل الاجتماعي
اثنان,اثنان
المجتمع يهتم الناس و حياتهم,المجتمع يهتم الناس و حياتهم
الإسبانية,الإسبانية
الجنيه الإسترليني,الجنيه الإسترليني
جورج واشنطن وتوماس جيفرسون,جورج واشنطن وتوماس جيفرسون
فلاديمير لينين,فلاديمير لينين
قررت أن أكتب تدوينات عديدة فيها ملخصات كتب قرأتها وأخرى عن بعض المناطق التي سافرت إليها,قررت أن أكتب تدوينات عديدة فيها ملخصات كتب قرأتها وأخرى عن بعض المناطق التي سافرت إليها
جدول الأعمال الحاجة الملحة لإعادة بناء الحزب. لكن كيف ؟,جدول الأعمال الحاجة الملحة لإعادة بناء الحزب. لكن كيف ___ ؟
التواصل الاجتماعي,التواصل الاجتماعي
عثمان بن أرطغرل,عثمان بن أرطغرل
الكاميرات والعدسات.,الكاميرات والعدسات.
باريس,باريس
إلى المسجد أو المصلى.,إلى المسجد أو المصلى.
كنت دائماً أتحدث كثيرا فى هاتفى مع صديقاتى اتحدث معهم عن الجميع ولكن الآن فلا,كنت دائماً أتحدث كثيرا فى هاتفى مع صديقاتى ___ معهم عن الجميع ولكن الآن فلا
بالمحافظة على النباتات والحيوانات.,بالمحافظة على النباتات والحيوانات.
نرجو تشكيل لجنة لبحث هذا الامر لدينا شكاوى مسلمة باليد و أخرى عن طريق الفاكس والاميل,نرجو تشكيل لجنة لبحث هذا الامر لدينا شكاوى مسلمة باليد و أخرى عن طريق الفاكس والاميل
في المكتبة أو المعرض.,في المكتبة أو المعرض.
جذب,جذب
الزهرة,الزهرة
هذا الطالب متفوق وذكي,هذا الطالب متفوق وذكي
في الجريدة أو الإذاعة.,في الجريدة أو الإذاعة.
الحذاء,الحذاء
نمر البنغال,نمر البنغال
في جميع الأوقات.,في جميع الأوقات.
في الأوقات الصعبة.,في الأوقات الصعبة.
في مدارس اللغات.,في مدارس اللغات.
بالتطوع والمشاركة.,بالتطوع والمشاركة.
زواج متعدد,زواج متعدد
شكرا سيدي الرئيس، صحيح أنها عدلت ولكن لماذا ؟,شكرا سيدي الرئيس، صحيح أنها عدلت ولكن لماذا ___ ؟
البطريق,البطريق
الأرجواني,الأرجواني
البرتغالية,البرتغالية
بزيادة الرواتب وتوفير المزايا.,بزيادة الرواتب وتوفير المزايا.
بالحد من الاستهلاك.,بالحد من الاستهلاك.
بالتخلص من النفايات بشكل صحيح.,بالتخلص من النفايات بشكل صحيح.
أبريل,أبريل
في المرة الأولى تساهلت معك ولكن الآن فلا,في المرة الأولى تساهلت معك ولكن الآن فلا
وقد يكون للنفط شأن في الأعمال الروائية ولكن متى ؟,وقد يكون للنفط شأن في الأعمال الروائية ولكن متى ___ ؟
دعا الى مواصلة تنظيم مثل هذه الورشة وكذلك الدورات لتأهيل محكمين,دعا الى مواصلة تنظيم مثل هذه الورشة وكذلك ___ لتأهيل محكمين
فلماذا لا يحتوى القاموس على ترجمة بلا انترنت و أخرى عن طريق الانترنت,فلماذا لا يحتوى القاموس على ترجمة بلا انترنت و أخرى ___ عن طريق الانترنت
إلى النادي أو المركز الثقافي.,إلى النادي أو المركز الثقافي.
خوفو,خوفو
بعد شهر رمضان.,بعد شهر رمضان.
ستقع في مشاكل كل يوم بسبب الصلة بإسرائيل، فقال ولكن لماذا ؟,ستقع في مشاكل كل يوم بسبب الصلة بإسرائيل، فقال ولكن لماذا ___ ؟
الصقر,الصقر
المشتري,المشتري
ونقيب أطباء الجيزة وممثل عن هيئة الإسعاف، و آخر عن مديرية الشئون الصحية بالجيزة.,ونقيب أطباء الجيزة وممثل عن هيئة الإسعاف، و___ عن مديرية الشئون الصحية بالجيزة.
صدرت تصريحات عن المسؤولين في الحكومة اليمنية وأخرى عن جماعة أنصار الله,صدرت تصريحات عن المسؤولين في الحكومة اليمنية وأخرى عن جماعة أنصار الله
لا بد أن نتغير ولكن كيف ؟,لا بد أن نتغير ولكن كيف ؟
بعد نصف ساعة.,بعد نصف ساعة.
بالتخطيط والتفاني.,بالتخطيط والتفاني.
بالمحافظة على الموارد الطبيعية.,بالمحافظة على الموارد الطبيعية.
بالمحافظة على التقاليد والعادات.,بالمحافظة على التقاليد والعادات.
بطرق تعليمية ممتعة.,بطرق تعليمية ممتعة.
التمثيل الضوئي,التمثيل الضوئي
في الأنهار والبحار.,في الأنهار والبحار.
لإنجاز المهام والمشروعات.,لإنجاز المهام والمشروعات.
أخلاق,أخلاق
وندوة الثقافة العلمية ودورها في التنمية الوطنية، و أخرى عن الأطباء والأدباء والأدب في حياتهم,وندوة الثقافة العلمية ودورها في التنمية الوطنية، و___ أخرى عن الأطباء والأدباء والأدب في حياتهم
الديناصورات,الديناصورات
تبدلت حالتي وتحولت في لحظات هل لأنني رأيته ولكن لماذا ؟,تبدلت حالتي وتحولت في لحظات، هل لأنني رأيته ولكن لماذا؟
باستخدام الكلمات والعبارات المناسبة.,باستخدام الكلمات والعبارات المناسبة.
خسارة,خسارة
بتقليل استخدام الكلمات العابرة.,بتقليل استخدام الكلمات العابرة.
يختار كل منهم صورة فوتوغرافية تعبر عن الحرب و أخرى عن السلام,يختار كل منهم صورة فوتوغرافية تعبر عن الحرب و ___ عن السلام
بمناقشة الأفكار والآراء.,بمناقشة الأفكار والآراء.
ماو تسي تونغ,ماو تسي تونغ
لم تعد مسألة هل سيغادر القذافي السلطة أم لا، ولكنى متى ؟,لم تعد مسألة هل سيغادر القذافي السلطة أم لا، ولكن متى ___ ؟
الفضة,الفضة
هي التي يجب أن تسود العالم ، ولكن متى ؟,هي التي يجب أن تسود العالم ، ولكن متى ___ ؟
ثم عاد الضيف بقصيدة عن ذكرى عبور السويس وأخرى عن الغزل,ثم عاد الضيف بقصيدة عن ذكرى عبور السويس و___ عن الغزل
لسماع حكمة جديدة كل يوم وأخرى عن عالمات الفلك والنجوم,لسماع حكمة جديدة كل يوم وأخرى ___ عن عالمات الفلك والنجوم
صغير,صغير
بالكتب والأفلام والهوايات.,بالكتب والأفلام والهوايات.
من أجل الاستفادة.,من أجل الاستفادة.
وكذلك محاضرة عن أمراض أعصاب القولون عند الأطفال و أخرى عن تشوهات المريء,وكذلك محاضرة عن أمراض أعصاب القولون عند الأطفال و___ عن تشوهات المريء
كما أحرز هدفًا عن طريق ركلة جزاء و آخر عن طريق ركلة حرة مباشرة.,كما أحرز هدفًا عن طريق ركلة جزاء و ___ عن طريق ركلة حرة مباشرة.
غني,غني
الخبز أو الأرز.,الخبز أو الأرز.
إننا نحث السلطات السورية على الإفراج عن كل من الرجلين، وكذلك عن كل الذين اعتقلوا لتعبيرهم عن آراهم,إننا نحث السلطات السورية على الإفراج عن كل من الرجلين، وكذلك عن كل الذين اعتقلوا لتعبيرهم عن آراهم
الفندق مريح جداً وفخم والموقع ممتاز وقريب من السنتر وكذلك من البحيرة والميناء الرئيسي للسفر,الفندق مريح جداً وفخم والموقع ممتاز وقريب من السنتر وكذلك من البحيرة والميناء الرئيسي للسفر
بتبادل الثقافات.,بتبادل الثقافات.
في الصالة الرياضية.,في الصالة الرياضية.
أخي يعيش في القاهرة و يعمل في شركة,أخي يعيش في القاهرة و يعمل في شركة
بالاجتماع بانتظام.,بالاجتماع بانتظام.
يتناول هذا المقال التعريف بالأسمدة العضوية وأهم فوائدها وكذلك أضرار الأسمدة الكيماوية,يتناول هذا المقال التعريف بالأسمدة العضوية وأهم فوائدها وكذلك أضرار الأسمدة الكيماوية
بالبطاقات الائتمانية والحسابات البنكية.,بالبطاقات الائتمانية والحسابات البنكية.
ومندوب عن مديرية الزراعة بالمحافظة، و آخر عن الاتصال السياسي بمديرية التربية والتعليم.,ومندوب عن مديرية الزراعة بالمحافظة، و___ آخر عن الاتصال السياسي بمديرية التربية والتعليم.
بغسل الأطباق وكنس الأرضية.,بغسل الأطباق وكنس الأرضية.
المسافر يفطر نعم ولكن متى ؟,المسافر يفطر نعم ولكن متى ___ ؟
وكان بدأ بإصدار موسوعة حركة القوميين العرب و أخرى عن الأحزاب السياسية في العالم العربي,وكان بدأ بإصدار موسوعة حركة القوميين العرب و___ عن الأحزاب السياسية في العالم العربي
خاطئ,خاطئ
بالمشاركة في الفعاليات الاجتماعية.,بالمشاركة في الفعاليات الاجتماعية.
في الأوقات المخصصة للصلوات والعبادة.,في الأوقات المخصصة للصلوات والعبادة.
ميغيل دي سرفانتس,ميغيل دي سرفانتس
المحيط الهادئ,المحيط الهادئ
الأذن,الأذن
حفل تكريم,حفل تكريم
بتوفير المواد الدراسية.,بتوفير المواد الدراسية.
فدراسة تتحدث عن الفوائد و أخرى عن المضار,فدراسة تتحدث عن الفوائد و___ عن المضار
الاستناد إلى التقدم المحرز في الدورات السابقة للجمعية العامة للجمعية العامة وكذلك إلى القرارات السابقة,الاستناد إلى التقدم المحرز في الدورات السابقة للجمعية العامة ___ وكذلك إلى القرارات السابقة
كان له نصيب عن عمله وآخر عما قدمه,كان له نصيب عن عمله وآخر ___ عما قدمه
وتضم اكاديمية لتعليم كورة القدم والتنس ايضا وكذلك متجر خاص بالأكاديمية والعديد من الأخبار,وتضم اكاديمية لتعليم كورة القدم والتنس ايضا وكذلك متجر خاص بالأكاديمية والعديد من الأخبار
بالمكونات الطازجة.,بالمكونات الطازجة.
عمال المحلة يؤسسون نقابة مستقلة,عمال المحلة يؤسسون نقابة مستقلة
هادريان,هادريان
في الأسواق الصحية.,في الأسواق الصحية.
حزن,حزن
من المحترفين الطبيين.,من المحترفين الطبيين.
في المؤسسات الخيرية والمدارس.,في المؤسسات الخيرية والمدارس.
بالامتناع عن التمييز.,بالامتناع عن التمييز.
الخوارزمي,الخوارزمي
الحديد,الحديد
بحل النزاعات بسلمية.,بحل النزاعات بسلمية.
في الأعياد والمناسبات الخاصة.,في الأعياد والمناسبات الخاصة.
وقالوا له أنت تدخل أما هؤلاء فلا,وقالوا له أنت تدخل أما هؤلاء ف___
البحوث الأكاديمية التى أنجزها علماء أجانب ومصريون عن العصر الفرعونى وكذلك عن العصر الإسلامي,البحوث الأكاديمية التى أنجزها علماء أجانب ومصريون عن العصر الفرعونى وكذلك ___ عن العصر الإسلامي
بإعادة التدوير.,بإعادة التدوير.
وثائق مسربة قال إنها لوزارة الخارجية السعودية وأخرى عن وزارة الداخلية والاستخبارات العامة في هذا البلد,وثائق مسربة قال إنها لوزارة الخارجية السعودية وأخرى ___ وزارة الداخلية والاستخبارات العامة في هذا البلد
قبل النوم.,قبل النوم.
الموز,الموز
الأكسجين,الأكسجين
كثيرا من الأسرار التي لا يعرفها كثيرون عن الحرب العراقية الإيرانية، وكذلك عن حرب الخليج الثانية,كثيرا من الأسرار التي لا يعرفها كثيرون عن الحرب العراقية الإيرانية، وكذلك ___ عن حرب الخليج الثانية
محمد يستطيع أن يذهب بمفرده، حتى محمود يستطيع,محمد يستطيع أن يذهب بمفرده، حتى محمود ___ يستطيع.
بإيقاف الأجهزة عند عدم الاستخدام.,بإيقاف الأجهزة عند عدم الاستخدام.
بالماء أو العصير.,بالماء أو العصير.
محمد.,محمد.
في الأعياد الوطنية.,في الأعياد الوطنية.
بقضاء وقت جيد مع أفراد العائلة.,بقضاء وقت جيد مع أفراد العائلة.
بالتعرف على الثقافات المختلفة.,بالتعرف على الثقافات المختلفة.
ليوناردو دافنشي,ليوناردو دافنشي
فيلم تسجيلى عن بداية تأسيس المستشفى و آخر عن أشهر الفنانين الذين قاموا بزيارة بهية.,فيلم تسجيلى عن بداية تأسيس المستشفى و آخر عن أشهر الفنانين الذين قاموا بزيارة بهية.
في المحلات أو الأسواق.,في المحلات أو الأسواق.
بالمراقبة الدقيقة.,بالمراقبة الدقيقة.
سنبقى هكذا حتى يتوحدوا ويحسموا أمرهم ولكن متى ؟,سنبقى هكذا حتى يتوحدوا ويحسموا أمرهم ولكن متى ___ ؟
قرأت فى الثانية عشر كتابا عن شوبنهاور وآخر عن أديناور أول مستشار لجمهورية ألمانيا الاتحادية,قرأت فى الثانية عشر كتابا عن شوبنهاور وآخر عن أديناور أول مستشار لجمهورية ألمانيا الاتحادية
بالمشاركة الفعّالة.,بالمشاركة الفعّالة.
بالقطار,بالقطار
بالاستماع والقراءة والكتابة والتحدث.,بالاستماع والقراءة والكتابة والتحدث.
ناهيك عن مقال عن الريع الحزبي والنقابي والجمعوي و آخر عن الفرق بين المناضل والانتهازي,ناهيك عن مقال عن الريع الحزبي والنقابي والجمعوي و آخر عن الفرق بين المناضل والانتهازي
طوكيو,طوكيو
بالملابس والمستلزمات الشخصية.,بالملابس والمستلزمات الشخصية.
بتوجيههم وتعليم القيم الصحيحة.,بتوجيههم وتعليم القيم الصحيحة.
احترام,احترام
أبو الطيب المتنبي,أبو الطيب المتنبي
الأوكسجين,الأوكسجين
كانت الأولوية للأفران والمشافي والنقل والاتصالات والمياه أما التدفئة فلم,كانت الأولوية للأفران والمشافي والنقل والاتصالات والمياه أما التدفئة فلم ___
على الشواطئ وفي الأماكن السياحية.,على الشواطئ وفي الأماكن السياحية.
وقد جرى اصطياد بعضها بالبنادق وأخرى عن طريق الفخ والشبكة,وقد جرى اصطياد بعضها بالبنادق وأخرى ___ عن طريق الفخ والشبكة
بالطائرة أو القطار.,بالطائرة أو القطار.
علينا التفكير بالصواب ونعالج المشكلة وهنا نسأل كيف ؟,علينا التفكير بالصواب ونعالج المشكلة وهنا نسأل كيف ___ ؟
ولا بد من منع مثل هذه الكارثة، ولكن كيف ؟,ولا بد من منع مثل هذه الكارثة، ولكن كيف ___ ؟
ردوا بأنهم لا يريدون مضيفن سوريين اما مضيفات فممكن,ردوا بأنهم لا يريدون مضيفين سوريين أما مضيفات ___ فممكن
للوقاية من الأمراض.,للوقاية من الأمراض.
في منتجع ساحلي.,في منتجع ساحلي.
وظيفة,وظيفة
باستمرار تحسين مهاراتنا.,باستمرار تحسين مهاراتنا.
استياء,استياء
بتمكين الأفراد وتطوير المجتمع.,بتمكين الأفراد وتطوير المجتمع.
بطيء,بطيء
بالانفتاح والثقة والاحترام.,بالانفتاح والثقة والاحترام.
الجنوب,الجنوب
دواء يستخدم في حالات ارتفاع ضغط الدم وكذلك حالات فشل القلب,دواء يستخدم في حالات ارتفاع ضغط الدم وكذلك ___ حالات فشل القلب
أحب من الأسماء ما شابه اسمها ووافقه,أحب من الأسماء ما شابه اسمها ووافقه
ثم عاد الضيف بقصيدة عن ذكرى عبور السويس و أخرى عن الغزل,ثم عاد الضيف بقصيدة عن ذكرى عبور السويس و ___ عن الغزل
نابليون بونابرت,نابليون بونابرت
في الشهر الماضي.,في الشهر الماضي.
وهو في خلوته ولا يراه أحد إلا الله.,وهو في خلوته ولا يراه أحد إلا الله.
قررت أن أكتب تدوينات عديدة فيها ملخصات كتب قرأتها و أخرى عن بعض المناطق التي سافرت إليها,قررت أن أكتب تدوينات عديدة فيها ملخصات كتب قرأتها و أخرى عن بعض المناطق التي سافرت إليها
بالاعتماد على وسائل النقل العامة.,بالاعتماد على وسائل النقل العامة.
إيفرست,إيفرست
مطعم,مطعم
بتعزيز اللياقة البدنية.,بتعزيز اللياقة البدنية.
نادية كانت تعوم في المسبح و تشرب العصير,نادية كانت تعوم في المسبح و تشرب العصير
بالمشاركة في الأعمال الخيرية.,بالمشاركة في الأعمال الخيرية.
على المستوى الدولي.,على المستوى الدولي.
في الكتب والإنترنت.,في الكتب والإنترنت.
وتساعد الدولة على دفع بعض الأقساط وكذلك الحصول على مبلغ مالي مقطوع,وتساعد الدولة على دفع بعض الأقساط وكذلك ___ الحصول على مبلغ مالي مقطوع
على الرغم من أننا قادرون على أن نصل إلى دوري الأضواء ، ولكن متى ؟,على الرغم من أننا قادرون على أن نصل إلى دوري الأضواء ، ولكن متى ___ ؟
من السوق المحلي.,من السوق المحلي.
أوكتافيان,أوكتافيان
في الأدراج والخزائن.,في الأدراج والخزائن.
بالتعلم المستمر.,بالتعلم المستمر.
بتقديم المساعدة في المهام اليومية.,بتقديم المساعدة في المهام اليومية.
الأخضر,الأخضر
إذ لابد أن ينزلوا من فوقها ولكن كيف ؟,إذ لابد أن ينزلوا من فوقها ولكن كيف ___ ؟
تقدير,تقدير
بالمكونات الطازجة والصحية.,بالمكونات الطازجة والصحية.
ونجدها بطبيعتها تعمل للكابلات وأنابيب المياه ولكن للتصريف فلا,ونجدها بطبيعتها تعمل للكابلات وأنابيب المياه ولكن للتصريف ___ فلا
في المؤسسات الخيرية.,في المؤسسات الخيرية.
نيلسون مانديلا,نيلسون مانديلا
بالتنظيف اليومي.,بالتنظيف اليومي.
في المكتبات.,في المكتبات.
كما يستعرض المجلس تقريراً عن السياسة الخارجية المصرية و آخر عن نتائج جولة رئيس الوزارء لعدد من المواقع,كما يستعرض المجلس تقريراً عن السياسة الخارجية المصرية و آخر عن نتائج جولة رئيس الوزارء لعدد من المواقع
وليد,وليد
عرض فيلم وثائقي عن المملكة والعلاقة التاريخية مع إيطاليا و آخر عن تأسيس مدينة روما,عرض فيلم وثائقي عن المملكة والعلاقة التاريخية مع إيطاليا و___ آخر عن تأسيس مدينة روما
حرية التعبير,حرية التعبير
نعم نوفر التحويل عبر الراجح وكذلك ويسترن يونيون لباقي أنحاء العالم,نعم نوفر التحويل عبر الراجح وكذلك ___ ويسترن يونيون لباقي أنحاء العالم
عند مغادرة الغرفة.,عند مغادرة الغرفة.
الطقس,الطقس
الهاتف أو الإنترنت.,الهاتف أو الإنترنت.
هم يستطيع أن ينجحوا في الامتحان، ونحن كذلك,هم يستطيعون أن ينجحوا في الامتحان، ونحن ___ كذلك.
مواطنون,مواطنون
بانتظار الضوء الخضراء.,بانتظار الضوء الخضراء.
بتنظيفها بانتظام.,بتنظيفها بانتظام.
في الخرائط والأطلس.,في الخرائط والأطلس.
الامر الذى اصابها بارتباك شديد واحست انه يفعل ذلك عن عمد ولكن لماذا ؟,الامر الذى اصابها بارتباك شديد واحست انه يفعل ذلك عن عمد ولكن لماذا ؟
ويقول العلماء ان السؤال ليس هل سيحدث ذلك ولكن متى ؟,ويقول العلماء ان السؤال ليس هل سيحدث ذلك ولكن متى ؟
فولتير,فولتير
القمر,القمر
بتقديم القصص المثيرة.,بتقديم القصص المثيرة.
كما عرض فيلم قصير عن بدايات السينما و آخر عن مهرجان خطوات منذ انطلاقته في العام 2013,كما عرض فيلم قصير عن بدايات السينما و آخر عن مهرجان خطوات منذ انطلاقته في العام 2013
الزئبق,الزئبق
بالميزانية والتوفير.,بالميزانية والتوفير.
بعدم التصرف الغير مسؤول.,بعدم التصرف الغير مسؤول.
رأيت سجينا عن يميني وآخر عن شمال وآخر من خلفي,رأيت سجينا عن يميني وآخر عن شمال ___ وآخر من خلفي ___
والجزء الأكبر من تلك الطرق معبد بواقع 3،732،757 كم أما الباقي فلا,والجزء الأكبر من تلك الطرق معبد بواقع 3،732،757 كم أما الباقي ___ فلا.
منهم من يعمل ويستلم راتب وكذلك رشاوي,منهم من يعمل ويستلم راتب وكذلك ___ رشاوي
قلق,قلق
تم عرض فيلم وثائقي عن الشهداء المكرمين وأسرهم وآخر عن النشاطات التي تقوم بها صحيفة الاعتدال,تم عرض فيلم وثائقي عن الشهداء المكرمين وأسرهم وآخر عن النشاطات التي تقوم بها صحيفة الاعتدال
شخصية واقعية,شخصية واقعية
يحق لإحدى الدولتين أن تفرضها على الحقل، ولكن متى ؟,يحق لإحدى الدولتين أن تفرضها على الحقل، ولكن متى ___ ؟
ونسمع بين فترة وأخرى عن تكون السحب السوداء,ونسمع بين فترة وأخرى عن تكون السحب السوداء
في الشركات والمؤسسات.,في الشركات والمؤسسات.
بأفران التدفئة والمدافئ.,بأفران التدفئة والمدافئ.
