بالمكونات الطازجة.,نحتاج لتحضير وجبة لذيذة بالمكونات الطازجة.
بعد اتمام استبيان عن الرؤية و آخر عن الترقي والثواب والعقاب في وسائل الإعلام,بعد اتمام استبيان عن الرؤية و استبيان آخر عن الترقي والثواب والعقاب في وسائل الإعلام
فولتير,"فولتير هو مؤلف ""الملحد""."
أنا سأخذ الأبيض وخالد الأسود,أنا سآخذ الأبيض وخالد سيأخذ الأسود
من المحترفين الطبيين.,نحصل على المعلومات الصحية من المحترفين الطبيين.
قيصر تشين,قيصر تشين هو مؤسس الإمبراطورية الصينية.
بممارسة الرياضة بانتظام.,نجعل الجسم في حالة جيدة بممارسة الرياضة بانتظام.
بعدم التصرف الغير مسؤول.,نحافظ على الغابات بعدم التصرف الغير مسؤول.
غدًا,سأسافر غدًا
ونجدها بطبيعتها تعمل للكابلات وأنابيب المياه ولكن للتصريف فلا,ونجدها بطبيعتها تعمل للكابلات وأنابيب المياه ولكن للتصريف فلا تعمل
وظيفة,"العمل الذي يحصل على أجر مقابله هو ""وظيفة""."
الحذاء,أريد الحذاء
السيليكون,السيليكون هو المعدن الأكثر تواجدًا في القشرة الأرضية.
في دور السينما.,يمكن أن نجد الأفلام الجديدة في دور السينما.
مؤسسا مدينة روما,رومولوس وريموس هما مؤسسا مدينة روما في الأساطير الرومانية.
من أجل الاستفادة.,نقرأ الكتب من أجل الاستفادة.
يحق لإحدى الدولتين أن تفرضها على الحقل، ولكن متى ؟,يحق لإحدى الدولتين أن تفرضها على الحقل، ولكن متى تفرضها على الحقل؟
نعم نوفر التحويل عبر الراجح وكذلك ويسترن يونيون لباقي أنحاء العالم,نعم نوفر التحويل عبر الراجح وكذلك نوفر التحويل عبر ويسترن يونيون لباقي أنحاء العالم
وندوة الثقافة العلمية ودورها في التنمية الوطنية، و أخرى عن الأطباء والأدباء والأدب في حياتهم,وندوة الثقافة العلمية ودورها في التنمية الوطنية، و ندوة أخرى عن الأطباء والأدباء والأدب في حياتهم
الكربون,الكربون هو المكون الرئيسي في الألماس.
في مدارس اللغات.,نتعلم اللغات الجديدة في مدارس اللغات.
بالغراء أو البراغي.,نستخدم لإصلاح الأشياء المكسورة بالغراء أو البراغي.
بعد شهر رمضان.,نحتفل بعيد الفطر بعد شهر رمضان.
في الأدراج والخزائن.,نخزِّن الأدوات في المطبخ في الأدراج والخزائن.
بالتنظيف اليومي.,نجعل المنزل نظيفًا بالتنظيف اليومي.
بأفران التدفئة والمدافئ.,نستخدم للتدفئة في الشتاء بأفران التدفئة والمدافئ.
عمر يمكنه شراء سيارة، وحسن أيضا يستطيع,عمر يمكنه شراء سيارة، وحسن أيضا يستطيع شراء سيارة
بمناقشة الأفكار والآراء.,يمكننا تعزيز التفكير النقدي بمناقشة الأفكار والآراء.
بغسل الأطباق وكنس الأرضية.,نحافظ على نظافة منزلنا بغسل الأطباق وكنس الأرضية.
حرية التعبير,"المفهوم الاجتماعي الذي يشير إلى الاعتراف بحق الآخرين في التعبير عن أنفسهم هو ""حرية التعبير""."
سنبقى هكذا حتى يتوحدوا ويحسموا أمرهم ولكن متى ؟,سنبقى هكذا حتى يتوحدوا ويحسموا أمرهم ولكن متى يتوحدوا ويحسموا أمرهم؟
في المرة الأولى تساهلت معك ولكن الآن فلا,في المرة الأولى تساهلت معك ولكن الآن فلن أتساهل معك
عند مغادرة الغرفة.,يجب علينا إغلاق الأضواء في المنزل عند مغادرة الغرفة.
الفضة,"الفضة هو العنصر الكيميائي الذي يمثله الرمز ""Ag""."
علي لا يقدر أن يأتي إلى الحفلة، ولكن عمر يقدر,علي لا يقدر أن يأتي إلى الحفلة، ولكن عمر يقدر أن يأتي إلى الحفلة
في المؤسسات الخيرية والمدارس.,يمكننا مساعدة الأطفال في حاجة في المؤسسات الخيرية والمدارس.
في نهاية كل عام.,تقام الاحتفالات برأس السنة في نهاية كل عام.
لا بد أن نتغير ولكن كيف ؟,لا بد أن نتغير ولكن كيف نتغير؟
الأكسجين,الأكسجين هو العنصر الأكثر وفرة في القشرة الأرضية.
بالتعرف على الثقافات المختلفة.,يمكننا تعزيز التسامح واحترام الاختلاف بالتعرف على الثقافات المختلفة.
وليد,عندي وليد
لا يُعتَبَر فوضى بالنسبة للجميع عداك.,لا يُعتَبَر فوضى بالنسبة للجميع عداك يُعتبر فوضى.
أحب من الأسماء ما شابه اسمها ووافقه,أحب من الأسماء ما شابه اسمها وأحب من الأسماء ما وافق اسمها
أخلاق,"القاعدة الاجتماعية التي تحكم كيفية تصرف الأفراد في المجتمع هي ""أخلاق""."
البحوث الأكاديمية التى أنجزها علماء أجانب ومصريون عن العصر الفرعونى وكذلك عن العصر الإسلامي,البحوث الأكاديمية التى أنجزها علماء أجانب ومصريون عن العصر الفرعونى وكذلك بحوث أكاديمية عن العصر الإسلامي
الزئبق,"الزئبق هو العنصر الكيميائي الذي يمثله الرمز ""Hg""."
كما سيقام مؤتمر طفل القرية بقصر ثقافة تصفا بمحافظة القليوبية و آخر عن الحرف التقليدية رؤية مستقبلية.,كما سيقام مؤتمر طفل القرية بقصر ثقافة تصفا بمحافظة القليوبية و مؤتمر آخر عن الحرف التقليدية رؤية مستقبلية.
بالماء أو العصير.,نشرب عندما نشعر بالعطش الماء أو العصير.
فدراسة تتحدث عن الفوائد وأخرى عن المضار,فدراسة تتحدث عن الفوائد و دراسة أخرى تتحدث عن المضار
الأخضر,اللون الثالث في الطيف الضوئي هو الأخضر.
بالتخلص من النفايات بشكل صحيح.,نحافظ على نظافة البيئة بالتخلص من النفايات بشكل صحيح.
في الكتب أو المواقع الرسمية.,نجد المعلومات الموثوقة في الكتب أو المواقع الرسمية.
محمد.,اسمي محمد
الحوت الأزرق,الحوت الأزرق هو أكبر حيوان ثديي على وجه الأرض.
كما يستعرض المجلس تقريراً عن السياسة الخارجية المصرية و آخر عن نتائج جولة رئيس الوزارء لعدد من المواقع,كما يستعرض المجلس تقريراً عن السياسة الخارجية المصرية و تقريراً آخر عن نتائج جولة رئيس الوزارء لعدد من المواقع
المحيط الهادئ,المحيط الهادئ هو أكبر محيط على وجه الأرض.
للوقاية من الأمراض.,يجب علينا الاهتمام بصحة الغذاء للوقاية من الأمراض.
فلاديمير لينين,فلاديمير لينين هو الزعيم الذي قاد ثورة أكتوبر في روسيا.
قلق,"الشعور الذي ينتاب الإنسان عندما يفقد وظيفته هو ""قلق""."
آسيا,آسيا هي أكبر قارة
باريس,باريس هي عاصمة فرنسا
بالامتناع عن التمييز.,نحترم حقوق الإنسان بالامتناع عن التمييز.
بإيقاف الأجهزة عند عدم الاستخدام.,نقلل من استهلاك الكهرباء بإيقاف الأجهزة عند عدم الاستخدام.
برمي القمامة في الحاويات.,نحافظ على نظافة المدن برمي القمامة في الحاويات.
ولو,ولو كنت أتحدث مع أخي الكبير
نرجو تشكيل لجنة لبحث هذا الامر لدينا شكاوى مسلمة باليد و أخرى عن طريق الفاكس والاميل,نرجو تشكيل لجنة لبحث هذا الامر لدينا شكاوى مسلمة باليد و شكاوى أخرى عن طريق الفاكس والاميل
تم عرض فيلم وثائقي عن الشهداء المكرمين وأسرهم وآخر عن النشاطات التي تقوم بها صحيفة الاعتدال,تم عرض فيلم وثائقي عن الشهداء المكرمين وأسرهم وتم عرض فيلم وثائقي آخر عن النشاطات التي تقوم بها صحيفة الاعتدال
بتعزيز اللياقة البدنية.,نحافظ على صحتنا بتعزيز اللياقة البدنية.
في الكتب والمقالات البحثية.,نجد المعلومات العلمية في الكتب والمقالات البحثية.
وتضم اكاديمية لتعليم كورة القدم والتنس ايضا وكذلك متجر خاص بالأكاديمية والعديد من الأخبار,وتضم أكاديمية لتعليم كورة القدم والتنس ايضا وكذلك تضم متجر خاص بالأكاديمية والعديد من الأخبار
بزيادة الاستثمارات.,نساهم في تنمية الاقتصاد بزيادة الاستثمارات.
بمنحها العناية والحب.,نتعامل مع الحيوانات الأليفة بمنحها العناية والحب.
بالحد من الاستهلاك.,نساهم في حماية البيئة بالحد من الاستهلاك.
باستخدام كلمات مرور قوية.,نحمي بياناتنا على الإنترنت باستخدام كلمات مرور قوية.
بتنظيفها بانتظام.,نحافظ على صحة أسناننا بتنظيفها بانتظام.
بتوجيههم وتعليم القيم الصحيحة.,دور العائلة في تربية الأطفال بتوجيههم وتعليم القيم الصحيحة.
الخبز أو الأرز.,نأكل عندما نشعر بالجوع الخبز أو الأرز.
في الأعياد الوطنية.,يمكن أن نشهر الأعلام في الأعياد الوطنية.
في الصالة الرياضية.,يمكن أن نمارس الرياضة في الصالة الرياضية.
بالكتب والأفلام والهوايات.,نستخدم للتسلية في أوقات الفراغ بالكتب والأفلام والهوايات.
قررت أن أكتب تدوينات عديدة فيها ملخصات كتب قرأتها و أخرى عن بعض المناطق التي سافرت إليها,قررت أن أكتب تدوينات عديدة فيها ملخصات كتب قرأتها و تدوينات أخرى عن بعض المناطق التي سافرت إليها
بيتر الأول,بيتر الأول قاد الحرب الصليبية الأولى.
أبريل,أبريل هو الشهر الذي يأتي بعد شهر مارس.
رأيت سجينا عن يميني وآخر عن شمال وآخر من خلفي,رأيت سجينا عن يميني ورأيت سجينا آخر عن شمال ورأيت سجينا آخر من خلفي
يوسف ستالين,يوسف ستالين هو الزعيم السوفيتي الذي تولى الحكم بعد وفاة لينين.
الفندق مريح جداً وفخم والموقع ممتاز وقريب من السنتر وكذلك من البحيرة والميناء الرئيسي للسفر,الفندق مريح جداً وفخم والموقع ممتاز وقريب من السنتر وكذلك قريب من البحيرة والميناء الرئيسي للسفر
باستمرار تحسين مهاراتنا.,نقيم أداءنا في العمل باستمرار تحسين مهاراتنا.
خسارة,"عكس كلمة ""فوز"" هو خسارة."
فلماذا لا يحتوى القاموس على ترجمة بلا انترنت و أخرى عن طريق الانترنت,فلماذا لا يحتوى القاموس على ترجمة بلا انترنت و ترجمة أخرى عن طريق الانترنت
بتقديم المساعدة في المهام اليومية.,نساعد الأشخاص الأكبر سنًا بتقديم المساعدة في المهام اليومية.
بالتطوع والمشاركة.,نشارك في التطوير المجتمعي بالتطوع والمشاركة.
زواج متعدد,"الحالة الاجتماعية التي تشير إلى تعدد الزوجات هي ""زواج متعدد""."
بالمشاركة الفعّالة.,نقيم الفعاليات الثقافية بالمشاركة الفعّالة.
يختار كل منهم صورة فوتوغرافية تعبر عن الحرب و أخرى عن السلام,يختار كل منهم صورة فوتوغرافية تعبر عن الحرب و صورة أخرى عن السلام
نبروخذنزر,نبروخذنزر هو الفلكي البابلي الذي أُسس نظرية حركة الكواكب.
في جميع الأوقات.,يجب أن نحترم خصوصية الآخرين في جميع الأوقات.
إلى النادي أو المركز الثقافي.,نذهب لممارسة هواياتنا إلى النادي أو المركز الثقافي.
الصقر,الصقر هو الحيوان الذي يستخدم في الصيد بمساعدة الصقور.
بتقديم القصص المثيرة.,نشجع الأطفال على القراءة بتقديم القصص المثيرة.
فبادرني بالقول: سنصبح عائلة واحدة، فأجبته:;كيف ؟,فبادرني بالقول: سنصبح عائلة واحدة، فأجبته:;كيف سنصبح عائلة واحدة؟
ومندوب عن مديرية الزراعة بالمحافظة، و آخر عن الاتصال السياسي بمديرية التربية والتعليم.,ومندوب عن مديرية الزراعة بالمحافظة، و مندوب آخر عن الاتصال السياسي بمديرية التربية والتعليم.
فبراير,فبراير هو الشهر الذي يأتي بعد شهر يناير.
بقضاء وقت جيد مع أفراد العائلة.,نقيم أثر الاجتماعات العائلية بقضاء وقت جيد مع أفراد العائلة.
رأيت رجلا عجوز وفتاه في الشارع,رأيت رجلا عجوز ورأيت فتاة في الشارع
ولكن يكفل عالماً أفضل بالدرجة الأولى. ولكن كيف ؟,ولكن يكفل عالماً أفضل بالدرجة الأولى. ولكن كيف يكفل عالمًا أفضل بالدرجة الأولى ؟
التمثيل الضوئي,التمثيل الضوئي هو العملية التي تستخدمها النباتات لصنع طعامها الخاص.
ورفع الحصار الظالم عن غزة، ومشروع قرار حول الاستيطان و آخر عن الحل السياسي من كافة جوانبه,ورفع الحصار الظالم عن غزة، ومشروع قرار حول الاستيطان و مشروع قرار آخر عن الحل السياسي من كافة جوانبه
بزيادة الرواتب وتوفير المزايا.,يمكننا تقدير جهود العمال بزيادة الرواتب وتوفير المزايا.
في الخرائط والأطلس.,نجد التاريخ والجغرافية في الخرائط والأطلس.
هي التي يجب أن تسود العالم ، ولكن متى ؟,هي التي يجب أن تسود العالم ، ولكن متى تسود العالم ؟
بالمحافظة على التقاليد والعادات.,يمكننا الحفاظ على التراث الثقافي بالمحافظة على التقاليد والعادات.
المجتمع يهتم الناس و حياتهم,المجتمع يهتم بالناس ويهتم بحياتهم
بتبادل الثقافات.,يمكننا تعزيز التعاون بين البلدان بتبادل الثقافات.
مارتن لوثر كينغ,مارتن لوثر كينغ كان زعيم الحركة الأمريكية لحقوق المدنيين.
بالاجتماع بانتظام.,نقوي العلاقات الاجتماعية بالاجتماع بانتظام.
القمر,القمر هو النجم الذي يعطي الضوء ليلاً.
خوفو,خوفو هو الفرعون الذي بنى الأهرامات.
ويتم عزل الأسرى فيها تماماً عن العالم الخارجي، وكذلك عن عالم السجن الداخلي.,ويتم عزل الأسرى فيها تماماً عن العالم الخارجي، وكذلك عزلهم عن عالم السجن الداخلي.
احترام القواعد,"السلوك الاجتماعي الذي يعبر عن التواصل مع الآخرين بشكل إيجابي هو ""احترام القواعد""."
الأذن,الأذن هو العضو المسؤول عن السمع.
ناهيك عن مقال عن الريع الحزبي والنقابي والجمعوي و آخر عن الفرق بين المناضل والانتهازي,ناهيك عن مقال عن الريع الحزبي والنقابي والجمعوي و مقال آخر عن الفرق بين المناضل والانتهازي
أخي يعيش في القاهرة و يعمل في شركة,أبي يعيش في القاهرة وأبي يعمل في شركة
دعا الى مواصلة تنظيم مثل هذه الورشة وكذلك الدورات لتأهيل محكمين,دعا الى مواصلة تنظيم مثل هذه الورشة وكذلك دعا إلى مواصلة تنظيم الدورات لتأهيل محكمين
يجب أن تبدأ بتسديده عندما تبدأ بالعمل ولكن قبلها فلا,يجب أن تبدأ بتسديده عندما تبدأ بالعمل ولكن قبلها فلا تبدأ بتسديده
باستخدام الكلمات والعبارات المناسبة.,نعبر عن أفكارنا بوضوح باستخدام الكلمات والعبارات المناسبة.
الهاتف أو الإنترنت.,نستخدم للتواصل مع أصدقائنا بالهاتف أو الإنترنت.
علاقة,"المصطلح الاجتماعي الذي يشير إلى العلاقة بين الأشخاص الذين يعيشون معًا ويشاركون في حياة واحدة هو ""علاقة""."
بالمحافظة على النباتات والحيوانات.,نساهم في الحفاظ على التنوع البيولوجي بالمحافظة على النباتات والحيوانات.
إيفرست,إيفرست هو الجبل الذي يعتبر أعلى قمة في العالم.
الذوبان,الذوبان هي العملية التي تحدث عندما يتحول الجليد إلى ماء.
صدرت تصريحات عن المسؤولين في الحكومة اليمنية وأخرى عن جماعة أنصار الله,صدرت تصريحات عن المسؤولين في الحكومة اليمنية وصدرت تصريحات أخرى عن جماعة أنصار الله
صوديوم,"العنصر الكيميائي الذي يمثله الرمز ""Na"" هو الصوديوم."
بسقيها بانتظام.,نعتني بالنباتات بسقيها بانتظام.
الهيليوم,الهيليوم هو الغاز الرئيسي في بالون الهيليوم.
بالمكونات الطازجة والصحية.,نستخدم لتحضير الوجبات الصحية بالمكونات الطازجة والصحية.
عثمان بن أرطغرل,عثمان بن أرطغرل كان مؤسس الدولة العثمانية.
الشمس,الشمس هو النجم الذي يعطي الضوء والحرارة للأرض.
في صناديق التبرع.,نضع الملابس القديمة في صناديق التبرع.
بالاهتمام والاحترام.,نعزز الصداقات بالاهتمام والاحترام.
صغير,صغير هو عكس كلمة كبير
عرض فيلم وثائقي عن المملكة والعلاقة التاريخية مع إيطاليا و آخر عن تأسيس مدينة روما,عرض فيلم وثائقي عن المملكة والعلاقة التاريخية مع إيطاليا و فيلم آخر عن تأسيس مدينة روما
نمر البنغال,نمر البنغال هو أكبر حيوان زهري على وجه الأرض.
بطرق تعليمية ممتعة.,نجعل الأطفال يحبون التعلم بطرق تعليمية ممتعة.
في الأوقات الصعبة.,يجب علينا أن نشجع الآخرين في الأوقات الصعبة.
باختيار الوجهة المفضلة لدينا.,نختار وجهة العطلة باختيار الوجهة المفضلة لدينا.
اثنان,اثنان هو أصغر عدد أولي.
بانتظار الضوء الخضراء.,نعبر الشارع بأمان بانتظار الضوء الخضراء.
نعم السودان يمكنه أن يحقق طفرات ولكن كيف ؟,نعم السودان يمكنه أن يحقق طفرات ولكن كيف يمكنه أن يحقق طفرات؟
وهو في خلوته ولا يراه أحد إلا الله.,وهو في خلوته ولا يراه أحد لا يراه أحد إلا الله يراه.
البرتغالية,البرتغالية هي اللغة الرئيسية التي يتحدث بها في البرازيل.
نيوتون,نيوتون هو من اكتشف الجاذبية.
فرح,"الشعور الذي ينتاب الإنسان عندما يحقق هدفًا كبيرًا هو ""فرح""."
بالمحافظة على الموارد الطبيعية.,يمكننا تعزيز الاستدامة بالمحافظة على الموارد الطبيعية.
حفلة ولادة,"الاحتفال الاجتماعي الذي يقام بمناسبة ولادة طفل جديد هو ""حفلة ولادة""."
نابليون بونابرت,نابليون بونابرت قاد الثورة الفرنسية وأصبح إمبراطورًا.
روبرت شومان وجان مونيه,روبرت شومان وجان مونيه هما الأباء المؤسسين للاتحاد الأوروبي.
التواصل الاجتماعي,"السلوك الاجتماعي الذي يتضمن مواصلة الجمهور بوسائل إعلامية هو ""التواصل الاجتماعي""."
بتقليل استخدام الكلمات العابرة.,نتحدث بلباقة بتقليل استخدام الكلمات العابرة.
كما تم عرض فيلم وثائقي عن الشهداء المكرمين وأسرهم و آخر عن النشاطات التي تقوم بها صحيفة الاعتدال,كما تم عرض فيلم وثائقي عن الشهداء المكرمين وأسرهم و فيلم آخر عن النشاطات التي تقوم بها صحيفة الاعتدال
في الفترات المحددة من العمر.,نقوم بتطعيم الأطفال في الفترات المحددة من العمر.
في الأوقات المخصصة للصلوات والعبادة.,نقوم بزيارة الأماكن الدينية في الأوقات المخصصة للصلوات والعبادة.
الديناصورات,الديناصورات هي الزواحف الضخمة التي عاشت في العصور القديمة.
تبدلت حالتي وتحولت في لحظات هل لأنني رأيته ولكن لماذا ؟,تبدلت حالتي وتحولت في لحظات هل لأنني رأيته ولكن لماذا تحولت حالتي ؟
الملابس الدافئة والكنزات والجوارب.,نرتدي في فصل الشتاء الملابس الدافئة والكنزات والجوارب.
دواء يستخدم في حالات ارتفاع ضغط الدم وكذلك حالات فشل القلب,دواء يستخدم في حالات ارتفاع ضغط الدم وكذلك يستخدم في حالات فشل القلب
ستقع في مشاكل كل يوم بسبب الصلة بإسرائيل، فقال ولكن لماذا ؟,ستقع في مشاكل كل يوم بسبب الصلة بإسرائيل، فقال ولكن لماذا أقع في مشاكل؟
في المحلات أو الأسواق.,نجد الملابس المناسبة لأذواقنا في المحلات أو الأسواق.
الجنيه الإسترليني,الجنيه الإسترليني هو عملة المملكة المتحدة
الليل,"الليل هو عكس كلمة ""نهار"""
ولو,ولو كنت أتحدث مع أخي
مطعم,"المكان الذي يجتمع فيه الأصدقاء لتناول الطعام والشراب هو ""مطعم""."
الأوكسجين,الأوكسجين هو الغاز الرئيسي في الغلاف الجوي للأرض.
فريدريك الثاني,فريدريك الثاني قاد الحملة الصليبية الثالثة إلى القسطنطينية.
أنا على يقين أنه سيحدث ذلك في يومٍ من الأيام ولكن متى ؟,أنا على يقين أنه سيحدث ذلك في يومٍ من الأيام ولكن متى سيحدث؟
مواطنون,"الكلمة التي تستخدم للإشارة إلى الأشخاص الذين يعيشون في نفس البلد هي ""مواطنون""."
ثم عاد الضيف بقصيدة عن ذكرى عبور السويس وأخرى عن الغزل,ثم عاد الضيف بقصيدة عن ذكرى عبور السويس وعاد بقصيدة أخرى عن الغزل
هي طلبت فراخ وأنا لحم,هي طلبت فراخ وأنا طلبت لحم
حزن,"الشعور الذي ينتاب الإنسان عند فقدان شخص عزيز عليه هو ""حزن""."
قررت أن أكتب تدوينات عديدة فيها ملخصات كتب قرأتها وأخرى عن بعض المناطق التي سافرت إليها,قررت أن أكتب تدوينات عديدة فيها ملخصات كتب قرأتها وقررت أن أكتب تدوينات أخرى عن بعض المناطق التي سافرت إليها
علينا التفكير بالصواب ونعالج المشكلة وهنا نسأل كيف ؟,علينا التفكير بالصواب ونعالج المشكلة وهنا نسأل كيف نعالج المشكلة؟
لسماع حكمة جديدة كل يوم وأخرى عن عالمات الفلك والنجوم,لسماع حكمة جديدة كل يوم ولسماع حكمة أخرى عن عالمات الفلك والنجوم
أعزب,"الوضع الاجتماعي الذي يعني أن الشخص ليس متزوجًا هو ""أعزب""."
جان جاك روسو,جان جاك روسو هو الزعيم الفرنسي الذي أثر في الفلسفة بأفكاره حول المجتمع والسلطة.
بالسقاية والتسميد.,نزرع الزهور في حديقتنا بالسقاية والتسميد.
وكان بدأ بإصدار موسوعة حركة القوميين العرب و أخرى عن الأحزاب السياسية في العالم العربي,وكان بدأ بإصدار موسوعة حركة القوميين العرب و موسوعة أخرى عن الأحزاب السياسية في العالم العربي
الخوارزمي,الخوارزمي هو مؤسس علم الجبر.
في مدارس الموسيقى.,يمكن أن نتعلم العزف على الآلات الموسيقية في مدارس الموسيقى.
ويقول العلماء ان السؤال ليس هل سيحدث ذلك ولكن متى ؟,ويقول العلماء ان السؤال ليس هل سيحدث ذلك ولكن متى سيحدث ذلك؟
بتنظيم وقتنا.,نتعامل مع الضغوط اليومية بتنظيم وقتنا.
على الرفوف.,يجب أن نضع الكتب بعد قراءتها على الرفوف.
شاهدنا الفيلم الجديد والمسلسل القديم,شاهدنا الفيلم الجديد وشاهندا المسلسل القديم
بالتقليل من استخدام البلاستيك.,نحمي البيئة بالتقليل من استخدام البلاستيك.
الاستناد إلى التقدم المحرز في الدورات السابقة للجمعية العامة للجمعية العامة وكذلك إلى القرارات السابقة,الاستناد إلى التقدم المحرز في الدورات السابقة للجمعية العامة للجمعية العامة وكذلك الاستناد إلى القرارات السابقة
في السماء الليلية المظلمة.,نستطيع مشاهدة النجوم والكواكب في السماء الليلية المظلمة.
في الأعياد والمناسبات الخاصة.,نزور الأقارب والأصدقاء في الأعياد والمناسبات الخاصة.
من السوق المحلي.,نشتري الخضروات والفواكه من السوق المحلي.
أنا متأكدة وواثقة بأن ريو سيفوز عليه ولكن كيف ؟,أنا متأكدة وواثقة بأن ريو سيفوز عليه ولكن كيف سيفوز عليه؟
أوكتافيان,أوكتافيان كان أول إمبراطور روماني.
وقد أصدرت أعداداً ممتازة عن مشكلات التعليم الديني، و أخرى عن الفتوى وصناعة المفتي,وقد أصدرت أعداداً ممتازة عن مشكلات التعليم الديني، و أعدادًا أخرى عن الفتوى وصناعة المفتي
في الشركات والمؤسسات.,نجد الفرص الوظيفية في الشركات والمؤسسات.
تناول هذا المقال قيمة القمامة المنزلية وبعض الأفكار لإعادة تدويرها وكذلك أهمية تدوير القمامة للإنسان والبيئة,تناول هذا المقال قيمة القمامة المنزلية وبعض الأفكار لإعادة تدويرها وكذلك تناول هذا المقال أهمية تدوير القمامة للإنسان والبيئة
بالمحافظة على المواطن الطبيعية.,نحمي الحياة البرية بالمحافظة على المواطن الطبيعية.
نحن في حاجة إلى الطب والهندسة,نحن في حاجة إلى الطب ونحن في حاجة إلى الهندسة
بحضور العروض والمعارض.,ندعم الفنون والثقافة بحضور العروض والمعارض.
كما عرض فيلم قصير عن بدايات السينما و آخر عن مهرجان خطوات منذ انطلاقته في العام 2013,كما عرض فيلم قصير عن بدايات السينما و فيلم آخر عن مهرجان خطوات منذ انطلاقته في العام 2013
النيتروجين,النيتروجين هو الغاز الذي يشكل معظم الهواء الجوي.
جورج واشنطن وتوماس جيفرسون,جورج واشنطن وتوماس جيفرسون هما الأباء المؤسسين للولايات المتحدة.
بتمكين الأفراد وتطوير المجتمع.,أهمية التعليم بتمكين الأفراد وتطوير المجتمع.
من الممكن أن تستثمر سارة أموالها في البنك، أو في العقارات,من الممكن أن تستثمر سارة اموالها في البنك، أو تستثمر أموالها في العقارات
تقديم بلاغات إلكترونياً ضد أي رجل أمن يستخدم سلطته بشكل مسيء، وكذلك ضد المحرضين والمتجاوزين بشبكات التواصل الاجتماعي,تقديم بلاغات إلكترونياً ضد أي رجل أمن يستخدم سلطته بشكل مسيء، وكذلك تقديم بلاغات إلكترونيا ضد المحرضين والمتجاوزين بشبكات التواصل الاجتماعي
في الأنهار والبحار.,تجد الأسماك عادةً في الأنهار والبحار.
جان جاك روسو,"جان جاك روسو هو المفكر الفرنسي الذي كتب ""العقد الاجتماعي""."
في الجريدة أو الإذاعة.,نجد الأخبار العالمية في الجريدة أو الإذاعة.
شكرا سيدي الرئيس، صحيح أنها عدلت ولكن لماذا ؟,شكرا سيدي الرئيس، صحيح أنها عدلت ولكن لماذا عدلت؟
في المكتبة أو المعرض.,نجد الكتب المفيدة في المكتبة أو المعرض.
كانبرا,كانبرا هي عاصمة أستراليا.
عمال الضفائر يتظاهرون تضامنا مع إضراب المحلة,عمال الضفائر يتظاهرون تضامنا مع إضراب عمال المحلة
بالتعلم المستمر.,نطور مهاراتنا الشخصية بالتعلم المستمر.
نهاية,نهاية هي عكس كلمة بداية.
هل يجوز للمراه ممارسة الرياضة بالمراكز المخصصه بالنساء وكذلك ممارسة رياضة كرة السلة وكرة الطائرة,هل يجوز للمرأه ممارسة الرياضة بالمراكز المخصصه بالنساء وكذلك هل يجوز للمرأة ممارسة رياضة كرة السلة وكرة الطائرة
وقد يكون للنفط شأن في الأعمال الروائية ولكن متى ؟,وقد يكون للنفط شأن في الأعمال الروائية ولكن متى يكون للنفط شأن في الأعمال الروائية؟
ماو تسي تونغ,ماو تسي تونغ قاد الثورة الصينية عام 1949.
غني,"الوضع الاجتماعي للشخص الذي يمتلك الكثير من المال والسلطة هو ""غني""."
وقالوا له أنت تدخل أما هؤلاء فلا,وقالوا له أنت تدخل أما هؤلاء فلا يدخلون
لويس الخامس عشر,لويس الخامس عشر كان ملكًا خلفًا للملك لويس الرابع عشر في فرنسا.
كنت أحلم أن أزوره حيث كان محذورا على عرب الـ 48 زيارة رام الله أما الآن فممكن,كنت أحلم أن أزوره حيث كان محذورا على عرب الـ 48 زيارة رام الله أما الآن فممكن أن أزوره
في الأوقات الوطنية.,يجب علينا الوقوف لوطننا في الأوقات الوطنية.
احترام,"القيمة الاجتماعية التي تعبر عن تقدير الناس واحترامهم هي ""احترام""."
دورة في فك أجزاء المحرك وإعادة التركيب والتشغيل، و أخرى عن كشف الأعطال الشائعة في السيارة,دورة في فك أجزاء المحرك وإعادة التركيب والتشغيل، و دورة أخرى عن كشف الأعطال الشائعة في السيارة
ونقيب أطباء الجيزة وممثل عن هيئة الإسعاف، و آخر عن مديرية الشئون الصحية بالجيزة.,ونقيب أطباء الجيزة وممثل عن هيئة الإسعاف، و ممثل آخر عن مديرية الشئون الصحية بالجيزة.
الأرجواني,اللون الثالث في علم الألوان الثانوي هو الأرجواني.
الين,الين هو العملة الرسمية لليابان.
في المكتبات.,يمكن أن نشجع على القراءة في المكتبات.
في منتجع ساحلي.,نمضي عطلة الصيف في منتجع ساحلي.
بالمشاركة في الأعمال الخيرية.,نجعل المجتمع أكثر تضامنًا بالمشاركة في الأعمال الخيرية.
جيمس وات,جيمس وات قاد الثورة الصناعية في بريطانيا.
المريخ,"المريخ هو الكوكب الذي يسمى ""الكوكب الأحمر""."
الرحيل,كنت أنوي الرحيل
الامر الذى اصابها بارتباك شديد واحست انه يفعل ذلك عن عمد ولكن لماذا ؟,الامر الذى اصابها بارتباك شديد واحست انه يفعل ذلك عن عمد ولكن لماذا يفعل ذلك عن عمد؟
هم يحبون كرة القدم و كرة السلة,هم يحبون كرة القدم ويحبون كرة السلة
نيلسون مانديلا,نيلسون مانديلا هو الزعيم السياسي الجنوب أفريقي الذي قاد حركة مكافحة العنصرية.
في البنك أو المحفظة الإلكترونية.,نقوم بإيداع أموالنا في البنك أو المحفظة الإلكترونية.
بطيء,"بطيء هو عكس كلمة ""سريع""."
سبق أن نشرنا إعلانا عن سيارة فورد تاونس موديل 1962 و آخر عن سيارة فورد جالاكسي.,سبق أن نشرنا إعلانا عن سيارة فورد تاونس موديل 1962 و إعلانا آخر عن سيارة فورد جالاكسي.
بتخصيص الوقت للأسرة والاسترخاء.,نحقق التوازن بين العمل والحياة الشخصية بتخصيص الوقت للأسرة والاسترخاء.
وثائق مسربة قال إنها لوزارة الخارجية السعودية وأخرى عن وزارة الداخلية والاستخبارات العامة في هذا البلد,وثائق مسربة قال إنها لوزارة الخارجية السعودية ووثائق مسربة أخرى عن وزارة الداخلية والاستخبارات العامة في هذا البلد
بالميزانية والتوفير.,ندير الأموال بحكمة بالميزانية والتوفير.
وهؤلاء يؤمنون بالقرآن فقط ولكن السنة فلا,وهؤلاء يؤمنون بالقرآن فقط ولكن السنة فلا يؤمنون بها
في الشهر الماضي.,بدأت العطلة الصيفية في الشهر الماضي.
الفوسفور,الفوسفور هو المعدن الذي يتألف من الكربون والكسوفور والكبريت.
بالاستماع والقراءة والكتابة والتحدث.,نتعلم لغة جديدة بالاستماع والقراءة والكتابة والتحدث.
المشتري,المشترى هو أكبر كوكب في النظام الشمسي
لم تعد مسألة هل سيغادر القذافي السلطة أم لا، ولكنى متى ؟,لم تعد مسألة هل سيغادر القذافي السلطة أم لا، ولكن متى سيغادر القذافي السلطة؟
وقد جرى اصطياد بعضها بالبنادق وأخرى عن طريق الفخ والشبكة,وقد جرى اصطياد بعضها بالبنادق وقد جرى اصطياد أخرى عن طريق الفخ والشبكة
على الشواطئ وفي الأماكن السياحية.,نمضي عطلة الصيف على الشواطئ وفي الأماكن السياحية.
بحل النزاعات بسلمية.,نعزز السلام في العالم بحل النزاعات بسلمية.
في صناديق تخزين خاصة.,نخزِّن اللعب والألعاب في صناديق تخزين خاصة.
متابعة يومية لأحدث الانباء والتقارير والاحداث وكذلك أخبار مصر في الصحف المصرية,متابعة يومية لأحدث الانباء والتقارير والاحداث وكذلك متابعة يومية لأحدث أخبار مصر في الصحف المصرية
الجنوب,"الجنوب هو عكس كلمة ""الشمال"""
أبو الطيب المتنبي,"أبو الطيب المتنبي هو مؤلف ""الفنجان""."
استياء,"الشعور الذي ينتاب الإنسان عندما يشعر بالاستياء من تصرفات الآخرين هو ""استياء""."
الكاميرات والعدسات.,نستخدم للتصوير الفوتوغرافي بالكاميرات والعدسات.
بالاعتماد على وسائل النقل العامة.,نساهم في تقليل انبعاثات ثاني أكسيد الكربون بالاعتماد على وسائل النقل العامة.
عمال المحلة يؤسسون نقابة مستقلة,عمال مصنع غزل المحلة يؤسسون نقابة مستقلة
فدراسة تتحدث عن الفوائد و أخرى عن المضار,فدراسة تتحدث عن الفوائد و دراسة أخرى عن المضار
المصابيح أو الشموع.,نستخدم لإضاءة غرفتنا بالمصابيح أو الشموع.
بالتخييم ورحلات الهواء الطلق.,نستمتع بالطبيعة بالتخييم ورحلات الهواء الطلق.
أبراهام لينكولن,أبراهام لينكولن هو الرئيس الأمريكي الذي أصدر إعلان التحرير.
بمشاهدة التلفزيون أو قراءة كتاب.,نستمتع بأوقات فراغنا بمشاهدة التلفزيون أو قراءة كتاب.
قرأت فى الثانية عشر كتابا عن شوبنهاور وآخر عن أديناور أول مستشار لجمهورية ألمانيا الاتحادية,قرأت فى الثانية عشر كتابا عن شوبنهاور وقرأت كتابا آخر عن أديناور أول مستشار لجمهورية ألمانيا الاتحادية
بالملابس والمستلزمات الشخصية.,نحمل في حقيبتنا للسفر الملابس والمستلزمات الشخصية.
ثم عاد الضيف بقصيدة عن ذكرى عبور السويس و أخرى عن الغزل,ثم عاد الضيف بقصيدة عن ذكرى عبور السويس و قصيدة أخرى عن الغزل
بالتخطيط والتفاني.,نستخدم لتحقيق أهدافنا بالتخطيط والتفاني.
لإنجاز المهام والمشروعات.,نستخدم الكمبيوتر في العمل لإنجاز المهام والمشروعات.
في مناسباتهم.,يجب أن نهنئ الأصدقاء بالأعياد في مناسباتهم.
ولا بد من منع مثل هذه الكارثة، ولكن كيف ؟,ولا بد من منع مثل هذه الكارثة، ولكن كيف نمنع هذه الكارثة؟
إننا نحث السلطات السورية على الإفراج عن كل من الرجلين، وكذلك عن كل الذين اعتقلوا لتعبيرهم عن آراهم,إننا نحث السلطات السورية على الإفراج عن كل من الرجلين، وكذلك الإفراج عن كل الذين اعتقلوا لتعبيرهم عن آراهم
على المستوى الدولي.,يجب أن نتعاون لحل المشكلات العالمية على المستوى الدولي.
في المؤسسات الخيرية.,يمكننا مساعدة الأشخاص المحتاجين في المؤسسات الخيرية.
جدول الأعمال الحاجة الملحة لإعادة بناء الحزب. لكن كيف ؟,جدول الأعمال الحاجة الملحة لإعادة بناء الحزب. لكن كيف يُبنى الحزب؟
شكسبير,شكسبير هو من كتب مسرحية هاملت
بممارسة الامتنان.,يمكننا تعزيز التفكير الإيجابي بممارسة الامتنان.
لويس كارول,"قصة ""أليس في بلاد العجائب"" ألهمتها لويس كارول."
هناك جلسة مهمة عن استراتيجيات التواصل مع الإدارة الاميركية و أخرى عن العمل مع المشترعين الأمريكيين,هناك جلسة مهمة عن استراتيجيات التواصل مع الإدارة الاميركية و جلسة أخرى عن العمل مع المشترعين الأمريكيين
الموز,"الموز هو الفاكهة التي يعتبرها البعض ""ملك الفواكه""."
تقدير,"المصطلح الاجتماعي الذي يشير إلى تقدير الأفراد وقبولهم كما هم هو ""تقدير""."
بريد إلكتروني وكيبورد.,نستخدم لكتابة رسائل إلكترونية بريد إلكتروني وكيبورد.
فيلم تسجيلى عن بداية تأسيس المستشفى و آخر عن أشهر الفنانين الذين قاموا بزيارة بهية.,فيلم تسجيلى عن بداية تأسيس المستشفى و فيلم آخر عن أشهر الفنانين الذين قاموا بزيارة بهية.
ميغيل دي سرفانتس,"ميغيل دي سرفانتس كتب ""دون كيشوت""."
الزهرة,الزهرة هو الكوكب الذي يعتبر أقرب جارًا للأرض.
بالقطار,سأذهب بالقطار
بسقيها بانتظام.,نجعل الزهور تزهر بشكل جميل بسقيها بانتظام.
كلنا نشعر بالجوع و العطش,كلنا نشعر بالجوع ونشعر بالعطش
تحدثنا بإيجاز عن توجيه دعوات إلى عمان والسودان والمغرب والسلطة الفلسطينية ربما، وكذلك إلى المملكة العربية السعودية والأردن,تحدثنا بإيجاز عن توجيه دعوات إلى عمان والسودان والمغرب والسلطة الفلسطينية ربما، وكذلك توجيه دعوات إلى المملكة العربية السعودية والأردن
يتناول هذا المقال التعريف بالأسمدة العضوية وأهم فوائدها وكذلك أضرار الأسمدة الكيماوية,يتناول هذا المقال التعريف بالأسمدة العضوية وأهم فوائدها وكذلك يتناول هذا المقال أضرار الأسمدة الكيماوية
بعد نصف ساعة.,تنتهي المحاضرة بعد نصف ساعة.
هم يستطيع أن ينجحوا في الامتحان، ونحن كذلك,هم يستطيعون أن ينجحوا في الامتحان، ونحن كذلك نستطيع أن ننجح في الامتحان
جذب,"جذب هو عكس كلمة ""دفع"""
كثيرا من الأسرار التي لا يعرفها كثيرون عن الحرب العراقية الإيرانية، وكذلك عن حرب الخليج الثانية,كثيرا من الأسرار التي لا يعرفها كثيرون عن الحرب العراقية الإيرانية، وكذلك أسرار عن حرب الخليج الثانية
على الرغم من أننا قادرون على أن نصل إلى دوري الأضواء ، ولكن متى ؟,على الرغم من أننا قادرون على أن نصل إلى دوري الأضواء ، ولكن متى نصل إلى دوري الأضواء؟
البطريق,البطريق هو الحيوان الذي يعيش في القطب الشمالي والقطب الجنوبي.
ليوناردو دافنشي,"ليوناردو دافنشي هو من رسم لوحة ""موناليزا""."
في حالات السفر البعيد.,نستخدم الطائرة للسفر في حالات السفر البعيد.
أصفر,لون الشمس هو أصفر
وفي مجال إدارة الطاقة مقال عن نظم الإنارة العالية الكفاءة، و آخر عن مصادر الطاقة الحيوية في لبنان,وفي مجال إدارة الطاقة مقال عن نظم الإنارة العالية الكفاءة، و مقال آخر عن مصادر الطاقة الحيوية في لبنان
نادية كانت تعوم في المسبح و تشرب العصير,نادية كانت تعوم في المسبح ونادية كانت تشرب العصير
فكيف حدث ذلك وأيعقل أن يقتل الابن أباه ويفر ولكن لماذا ؟,فكيف حدث ذلك وأيعقل أن يقتل الابن أباه ويفر ولكن لماذا يقتل الابن أباه ويفر؟
كانت الأولوية للأفران والمشافي والنقل والاتصالات والمياه أما التدفئة فلم,كانت الأولوية للأفران والمشافي والنقل والاتصالات والمياه أما التدفئة فلم تكن أولوية
بمشاركة السيارات أو استخدام وسائل النقل العامة.,نساهم في تخفيف الازدحام المروري بمشاركة السيارات أو استخدام وسائل النقل العامة.
ردوا بأنهم لا يريدون مضيفن سوريين اما مضيفات فممكن,ردوا بأنهم لا يريدون مضيفن سوريين اما مضيفات فممكن أن يريدوهم
كنت دائماً أتحدث كثيرا فى هاتفى مع صديقاتى اتحدث معهم عن الجميع ولكن الآن فلا,كنت دائماً أتحدث كثيرا فى هاتفى مع صديقاتى اتحدث معهم عن الجميع ولكن الآن فلا أتحدث معهم
باللياقة والصحة.,نستفيد من الرياضة باللياقة والصحة.
منهم من يعمل ويستلم راتب وكذلك رشاوي,منهم من يعمل ويستلم راتب وكذلك يستلم رشاوي
طوكيو,طوكيو هي عاصمة اليابان.
إلى المسجد أو المصلى.,نذهب للصلاة إلى المسجد أو المصلى.
فيما يرجع إلى مخاوف من ازدحام مراكز الاقتراع خلال جائحة كورونا وكذلك إلى الحماس الشديد,فيما يرجع إلى مخاوف من ازدحام مراكز الاقتراع خلال جائحة كورونا وكذلك يرجع إلى الحماس الشديد
إذ لابد أن ينزلوا من فوقها ولكن كيف ؟,إذ لابد أن ينزلوا من فوقها ولكن كيف ينزلوا من فوقها؟
يجب أن انتقل إلى شقتي! ولكن كيف ؟,يجب أن انتقل إلى شقتي! ولكن كيف أنتقل إلى شقتي؟
قبل النوم.,زمن الاستحمام يكون قبل النوم.
في الأسواق والمحلات التجارية.,نجد السلع بأسعار مناسبة في الأسواق والمحلات التجارية.
النظام الاجتماعي,"المفهوم الاجتماعي الذي يشير إلى القوانين والأنظمة التي تحكم المجتمع هو ""النظام الاجتماعي""."
في الطبيعة.,يمكن أن نسترخي في عطلة نهاية الأسبوع في الطبيعة.
نشاطات اجتماعية,"المصطلح الاجتماعي الذي يشير إلى الأنشطة والأحداث التي تجري خارج المنزل هو ""نشاطات اجتماعية""."
بالمشاركة في الفعاليات الاجتماعية.,نقوي العلاقات الاجتماعية بالمشاركة في الفعاليات الاجتماعية.
بعد أن أصبح غنياً وسوف أعمل للاسلام بعد أن أتفرغ من المشاكل. ولكن متى ؟,بعد أن أصبح غنياً وسوف أعمل للاسلام بعد أن أتفرغ من المشاكل، ولكن متى أتفرغ من المشاكل؟
الإسبانية,الإسبانية هي اللغة الرسمية في إسبانيا.
عندما أطلب منه أن نذهب للتسوق يكون رده بأنني أستطيع أن أتسوق بمفردي! نعم بالطبع أستطيع ولكن لماذا ؟,عندما أطلب منه أن نذهب للتسوق يكون رده بأنني أستطيع أن أتسوق بمفردي! نعم بالطبع أستطيع ولكن لماذا أتسوق بمفردي؟
المحكمة الدستورية ستقضى بعدم دستوريته ولكن متى ؟,المحكمة الدستورية ستقضى بعدم دستوريته ولكن متى ستقضي بعدم دستوريته ؟
بالبطاقات الائتمانية والحسابات البنكية.,نستخدم للتسوق عبر الإنترنت بالبطاقات الائتمانية والحسابات البنكية.
ولو,ولو لم يكن لدي وقت
الطقس,لم أذهب بسبب الطقس
النيل,النيل هو أكبر نهر في العالم.
الآلة الحاسبة أو التطبيقات.,نستخدم لحساب المبالغ المالية بالآلة الحاسبة أو التطبيقات.
خاطئ,"خاطئ هو عكس كلمة ""صحيح""."
فابن خالي الصغير الذي يجايلني، سيذهب إلى هناك أما انا فلا,فابن خالي الصغير الذي يجايلني، سيذهب إلى هناك أما انا فلن أذهب إلى هناك
حزن,"حزن هو عكس كلمة ""سعادة""."
في الكتب والإنترنت.,يمكننا العثور على المعلومات في الكتب والإنترنت.
هذا الطالب متفوق وذكي,هذا الطالب متفوق وهذا الطالب ذكي
بالمراقبة الدقيقة.,يمكن أن نتحقق من الجودة بالمراقبة الدقيقة.
بإعادة التدوير.,نحارب التلوث البيئي بإعادة التدوير.
وتساعد الدولة على دفع بعض الأقساط وكذلك الحصول على مبلغ مالي مقطوع,وتساعد الدولة على دفع بعض الأقساط وكذلك تساعد الدولة على الحصول على مبلغ مالي مقطوع
هادريان,هادريان هو الإمبراطور الروماني الذي بنى الجدار الحدودي في بريطانيا.
في اليوم الثاني والعشرين من مارس.,نحتفل بعيد الأم في اليوم الثاني والعشرين من مارس.
باختيار وظيفة مناسبة.,نبني مستقبلنا المهني باختيار وظيفة مناسبة.
قرأت كتابا عن السعادة وآخر عن السينما,قرأت كتابا عن السعادة وقرأت كتابا آخر عن السينما
ماركو بولو,"ماركو بولو كتب ""المليون""."
ونسمع بين فترة وأخرى عن تكون السحب السوداء,ونسمع بين فترة وفترة أخرى عن تكون السحب السوداء
في الأسواق الصحية.,يمكن أن نجد الأطعمة الصحية في الأسواق الصحية.
للتنقل داخل المدينة.,نستخدم وسائل النقل العام للتنقل داخل المدينة.
أصفر,لون الموز الناضج هو أصفر.
من المواقع الموثوقة.,نجد المعلومات الصحيحة على الإنترنت من المواقع الموثوقة.
بعدم مشاركة المعلومات الشخصية.,يمكننا تعزيز الأمان على الإنترنت بعدم مشاركة المعلومات الشخصية.
كان له نصيب عن عمله وآخر عما قدمه,كان له نصيب عن عمله وكان له نصيب آخر عما قدمه
ثقة,"العنصر الأساسي في بناء العلاقات الاجتماعية الجيدة هو ""ثقة""."
بتوفير المواد الدراسية.,يمكننا دعم التعليم بتوفير المواد الدراسية.
وكذلك محاضرة عن أمراض أعصاب القولون عند الأطفال و أخرى عن تشوهات المريء,وكذلك محاضرة عن أمراض أعصاب القولون عند الأطفال و محاضرة أخرى عن تشوهات المريء
بالدراسة والامتحانات.,نحصل على شهادة دراسية بالدراسة والامتحانات.
قرأت فى الثانية عشر كتابا عن شوبنهاور و آخر عن أديناور أول مستشار لجمهورية ألمانيا الاتحادية,قرأت فى الثانية عشر كتابا عن شوبنهاور و كتابا آخر عن أديناور أول مستشار لجمهورية ألمانيا الاتحادية
الحديد,"العنصر الكيميائي الذي يمثله الرمز ""Fe"" هو الحديد."
بالطائرة أو القطار.,نسافر إلى بلد آخر بالطائرة أو القطار.
حفل تكريم,"الاحتفال الاجتماعي الذي يقام لتكريم شخص بمناسبة إنجازاته هو ""حفل تكريم""."
والجزء الأكبر من تلك الطرق معبد بواقع 3،732،757 كم أما الباقي فلا,والجزء الأكبر من تلك الطرق معبد بواقع 3،732،757 كم أما الباقي فليس معبد
المسافر يفطر نعم ولكن متى ؟,المسافر يفطر نعم ولكن متى يفطر المسافر؟
في الحدائق والملاعب.,يمكن أن نمارس الرياضة في الهواء الطلق في الحدائق والملاعب.
كما أحرز هدفًا عن طريق ركلة جزاء و آخر عن طريق ركلة حرة مباشرة.,كما أحرز هدفًا عن طريق ركلة جزاء و هدفًا آخر عن طريق ركلة حرة مباشرة.
ولدينا قناعة بأن الكل سيعترف بفلسطين، ولكن متى ؟,ولدينا قناعة بأن الكل سيعترف بفلسطين، ولكن متى سيعترف الكل بفلسطين؟
محمد يستطيع أن يذهب بمفرده، حتى محمود يستطيع,محمد يستطيع أن يذهب بمفرده، حتى محمود يستطيع أن يذهب بمفرده
بالانفتاح والثقة والاحترام.,نصادق أشخاص جدد بالانفتاح والثقة والاحترام.
شخصية واقعية,قصة الأميرة ديانا ألهمتها شخصية واقعية.
